id,season,city,team1,team2,toss_winner,toss_decision,winner,batting1_runs,batting2_runs,batting1_super_over,batting2_super_over,bowling1_extras,bowling2_extras,p1,p2,SAB,team1_bat_score,team2_bat_score,team1_ball_score,team2_ball_score
1,2017,1,10,3,3,0,10,207,172,0,0,7,6,0,0,-0.571428571,6,10,7,7
2,2017,2,1,11,11,0,11,184,187,0,0,8,4,0,0,0.666666667,9,5,6,6
3,2017,3,8,2,2,0,2,183,184,0,0,4,15,0,0,0.5,5,2,6,6
4,2017,4,11,9,9,0,9,163,164,0,0,6,10,0,0,-0.346149093,5.341875,6,4.852556709,6
5,2017,5,3,7,3,1,3,157,142,0,0,6,5,0,0,-0.015231549,8.57475384,10,6.923495156,6
6,2017,1,8,10,10,0,10,135,140,0,0,3,3,0,0,1.071117629,7.792122067,3.3261544,6.707106781,4.972533605
7,2017,6,2,1,1,0,1,178,180,0,0,9,12,0,0,-0.313603857,7.951923077,7.356481481,4.862567564,6.630601937
8,2017,4,3,9,3,1,9,148,150,0,0,4,6,0,0,0.58672556,7.512303495,4.373773448,4.672098389,4.9329806
9,2017,2,7,11,11,0,7,205,108,0,0,8,5,0,0,0.279092362,8.108099256,9.373573718,5.634753048,4.173793432
10,2017,6,10,1,1,0,1,158,159,0,0,11,4,0,0,-0.22215475,6.759560027,7.366666667,5.717335931,6.339123122
11,2017,7,9,2,2,0,2,170,171,0,0,16,11,0,0,0.452941087,7.702124183,5.523603362,5.528557429,5.304328849
12,2017,5,3,1,1,0,1,142,145,0,0,11,13,0,0,-0.289021496,6.756564595,7.371286072,4.717501056,5.305429296
13,2017,3,11,8,8,0,8,171,172,0,0,5,5,0,0,-0.122231661,7.554816485,6.027740152,4.948635422,6.894153806
14,2017,7,2,10,10,0,2,172,155,0,0,11,7,0,0,-0.024489241,5.854128428,6.716605883,6.29216111,5.612957177
15,2017,8,7,9,7,1,7,188,137,0,0,10,2,0,0,-0.206094159,7.729202138,8.767669881,5.507477247,5.577174698
16,2017,6,8,1,1,0,1,176,177,0,0,11,13,0,0,0.027617539,6.651022248,6.823592796,5.564481492,5.304293766
17,2017,5,11,3,3,0,11,161,134,0,0,13,8,0,0,-0.503634525,5.621073261,7.592151324,4.726194177,5.09725861
18,2017,8,7,2,7,1,2,168,169,0,0,3,11,0,0,0.721464773,9.037775278,5.225238422,5.515137561,5.415406864
19,2017,1,10,9,9,0,10,159,154,0,0,11,10,0,0,-0.094325573,6.464381601,8.22055641,6.68120394,5.690101653
20,2017,3,3,8,8,0,3,213,192,0,0,4,8,0,0,-0.148107464,7.668725939,8.337933958,4.684391339,4.699457413
21,2017,1,10,7,10,1,10,191,176,0,0,4,7,0,0,-0.130143768,5.374647969,7.574079217,5.863347849,4.626842729
22,2017,4,9,1,1,0,1,198,199,0,0,12,8,0,0,0.224232416,6.958153483,6.08000486,5.080581484,4.896843121
23,2017,7,2,8,8,0,8,187,188,0,0,3,5,100,0,-0.476591246,5.922579264,8.559500266,5.511799181,5.502466005
24,2017,6,1,7,7,0,1,142,128,0,0,16,8,0,0,0.295040057,8.107520499,7.446672756,5.783965114,5.123208075
25,2017,2,10,11,11,0,11,176,179,0,0,8,3,0,0,-0.145259562,5.662217615,5.254868238,3.845175437,4.636017416
26,2017,3,9,8,8,0,9,188,162,0,0,5,7,0,0,0.519792496,8.190578719,5.529032992,5.90604974,5.625564352
27,2017,7,2,3,3,0,2,131,49,0,0,8,7,0,0,0.858407975,7.846826756,5.990623612,6.046531615,4.243450875
28,2017,6,11,1,1,0,11,160,157,0,0,4,6,100,0,-0.327933569,6.136099873,6.7344623,5.028973377,6.068142428
29,2017,2,11,2,2,0,2,182,184,0,0,7,13,0,0,-0.345753924,5.445055573,6.467581506,4.35691083,4.781867485
30,2017,5,3,8,8,0,8,134,135,0,0,12,8,100,0,-0.487615039,7.368611763,6.552948886,3.703588309,5.748929664
31,2017,7,7,2,2,0,2,160,161,0,0,7,10,0,100,-0.101340489,7.578807585,7.106590526,4.063499773,4.600064667
32,2017,9,10,9,9,0,10,207,181,0,0,3,5,100,0,-0.619460899,5.396478066,9.021400822,5.382758526,5.107785687
33,2017,2,11,3,3,0,11,157,96,0,0,4,4,100,0,0.448862333,6.833483396,8.131907845,6.7200201,4.119126876
34,2017,3,8,1,8,1,1,153,153,11,6,11,1,0,100,0.275568733,8.020048012,6.491781041,5.967168086,5.882020138
35,2017,9,7,9,9,0,9,67,68,0,0,5,2,100,0,-0.601874336,5.507930964,6.743480894,4.192111556,5.47106882
36,2017,1,10,2,2,0,10,209,161,0,0,8,5,0,100,-0.187298958,5.866295991,7.81515697,5.008821861,4.272675512
37,2017,6,3,1,3,1,1,162,165,0,0,4,7,0,100,-0.362095037,7.042404678,7.259282262,4.752983449,6.043863963
38,2017,2,8,11,11,0,11,161,167,0,0,7,7,100,0,0.150520539,7.064908104,6.177922183,5.869050616,5.872020542
39,2017,8,10,7,7,0,7,185,189,0,0,8,3,100,0,-0.014030831,5.188733869,5.081229136,3.941195239,4.068860806
40,2017,7,2,11,11,0,11,155,158,0,0,5,8,100,0,-0.133093616,7.585108384,6.25962314,4.508870459,6.042961851
41,2017,8,8,7,7,0,7,208,214,0,0,5,12,0,0,0.221408074,7.215495675,5.474969145,5.062721605,5.538298753
42,2017,5,9,3,3,0,9,138,119,0,0,12,7,100,0,0.345786892,7.265345928,7.099064749,5.088633718,4.1734005
43,2017,1,11,10,10,0,11,148,136,0,0,7,2,100,0,0.417778222,6.138161177,6.35355332,5.820982689,4.066974214
44,2017,8,1,7,7,0,1,212,66,0,0,19,3,100,0,0.361925338,6.740426092,6.022626339,6.164211117,5.034088934
45,2017,5,3,2,2,0,2,158,159,0,0,3,6,0,100,-0.06830332,7.261789946,5.670881939,3.806041691,5.107946962
46,2017,9,9,8,8,0,8,189,192,0,0,3,6,100,0,-0.310227402,6.505399514,7.199200361,5.064834798,5.854489626
47,2017,1,1,10,1,1,10,138,140,0,0,10,4,100,0,0.215130622,6.952438342,6.980583716,5.680399616,4.814640741
48,2017,9,9,2,2,0,9,167,153,0,0,12,4,0,100,0.302321661,7.608842311,7.400708374,5.921158852,4.901983452
49,2017,10,8,7,7,0,7,195,197,0,0,11,3,0,100,0.143849922,7.278162635,7.002458903,5.661581534,5.27140332
50,2017,6,9,1,1,0,9,230,223,0,0,10,8,0,100,0.150539608,7.280359439,7.391146995,5.680747902,5.015311527
51,2017,8,7,11,7,1,7,168,161,0,0,7,10,100,0,-0.280303007,5.889775665,6.387319463,5.035080152,5.9597394
52,2017,10,8,10,10,0,10,154,158,0,0,6,4,0,100,-0.013166596,5.819611254,6.37427365,5.279076409,4.872848823
53,2017,7,1,2,2,0,1,173,164,0,0,17,8,100,0,0.252859659,7.547080328,7.569243788,5.889634514,4.906946016
54,2017,2,9,11,11,0,11,73,78,0,0,3,1,100,0,0.359611666,7.149375643,5.237081625,5.267918538,5.281132907
55,2017,8,3,7,3,1,3,161,151,0,0,9,7,100,0,0.270543842,6.632008641,5.397638668,5.180666153,5.053247561
56,2017,6,11,1,1,0,11,162,142,0,0,7,9,100,0,-0.322832711,5.829535045,8.74729714,6.419335509,5.606315825
57,2017,5,10,2,2,0,2,128,48,0,0,7,4,0,0,-0.787619272,6.049385012,7.70301422,3.859366009,5.006492185
58,2017,5,2,1,1,0,1,107,111,0,0,7,8,0,100,-0.31695357,8.733301508,8.206927278,4.569616719,5.904774976
59,2017,1,1,11,1,1,1,129,128,0,0,8,9,0,100,0.432186583,8.081956166,4.853766832,5.75796828,6.33803468
60,2008,5,2,3,3,0,2,222,82,0,0,17,19,100,0,-0.198134913,7.338907098,7.924700401,5,5.291952518
61,2008,9,5,9,5,1,5,240,207,0,0,6,11,0,0,-0.369166645,5.800078774,6.48642616,5.437167753,7.040535095
62,2008,8,6,7,6,1,7,129,132,0,0,7,10,0,0,1.390942792,8.922680348,3.266025404,5.576199928,4.514039597
63,2008,6,1,3,1,1,3,165,166,0,0,11,5,100,0,0.12174627,6.462845886,7.600429544,5.863939633,4.558116165
64,2008,7,4,2,4,1,2,110,112,0,0,10,28,0,0,-0.138114203,7.87804878,6.827582892,6,7.879496413
65,2008,11,9,6,9,1,6,166,168,0,0,4,12,0,0,-0.013448633,8.000229885,7.313469086,6.250461729,6.916904448
66,2008,1,4,7,4,1,7,142,143,0,0,5,12,0,0,1.278092004,9.143770552,4.479431479,4.083554463,3.849949927
67,2008,12,5,1,1,0,5,208,202,0,0,18,13,0,0,-0.749000525,5.841186158,7.750204811,5.291112401,8.160833429
68,2008,1,4,6,6,0,6,214,217,0,0,6,7,0,0,-0.593067921,7.883221842,7.99595436,4.443112035,6.533627162
69,2008,9,9,1,1,0,9,182,116,0,0,7,7,0,0,-0.240240203,8.483865421,8.240683876,5.758689055,7.124749798
70,2008,5,3,6,6,0,6,135,138,0,0,6,3,0,0,-0.341469622,6.510483353,6.154379177,4.599022145,6.531885969
71,2008,12,2,5,2,1,5,147,152,0,0,8,18,0,0,0.599001993,7.916836263,4.515804202,5.26099295,5.432321354
72,2008,6,1,4,4,0,4,154,155,0,0,11,9,0,0,0.978834478,8.459847437,5.053866696,6.21656482,4.721418089
73,2008,9,7,9,7,1,9,158,162,0,0,11,9,0,0,-0.547266562,7.209052046,8.458977066,4.740376435,5.826974934
74,2008,5,5,3,5,1,5,178,165,0,0,4,7,0,0,-0.346521995,4.113796189,7.742440131,5.336180343,3.724877953
75,2008,7,2,1,2,1,1,137,138,0,0,13,15,0,100,-0.044692148,7.852770725,6.727568095,4.838074422,5.83478438
76,2008,8,7,3,3,0,7,191,181,0,0,4,12,0,100,-0.429585505,5.608255925,7.532899215,5.437197481,5.867282665
77,2008,1,4,9,9,0,9,164,167,0,0,4,6,0,0,0.173589415,8.663359169,7.004660868,5.264503622,5.759696079
78,2008,11,6,2,6,1,6,196,151,0,0,14,12,0,0,0.139629167,7.570490608,9.020226805,6.490026524,4.949686394
79,2008,12,5,7,5,1,7,169,172,0,0,7,6,0,0,0.023893804,5.804167701,4.809548777,4.642413929,5.476169691
80,2008,1,4,3,4,1,3,165,171,0,0,13,3,0,0,-0.217889208,6.473570017,7.614257544,5.66111438,5.743455308
81,2008,9,9,2,9,1,9,178,169,0,0,14,7,0,0,0.025496719,6.789932639,7.758548069,6.45656013,5.533090033
82,2008,6,1,7,7,0,1,162,133,0,0,10,4,100,0,0.700253684,9.134430216,5.887261395,7.277868633,6.052577298
83,2008,11,5,6,5,1,6,109,110,0,0,7,21,0,0,0.262423189,6.454010113,4.984026018,5.67184519,5.655686453
84,2008,5,3,9,9,0,9,126,127,0,0,10,17,0,100,0.160057414,7.486431145,6.487982518,5.869763414,5.916349793
85,2008,12,5,4,4,0,4,144,148,0,0,10,5,0,0,0.502286911,7.670371675,5.062291692,5.01420333,5.073408716
86,2008,6,6,1,1,0,1,103,104,0,0,7,12,0,0,-0.180810987,5.751064464,7.110498773,6.336223297,6.109137668
87,2008,8,7,5,5,0,5,187,188,0,0,12,11,100,0,-0.582067031,5.288702081,5.943138208,4.449095611,7.016602776
88,2008,7,2,3,2,1,2,129,124,0,0,5,6,100,0,0.48216127,9.267522224,6.78447758,4.833325311,4.914245046
89,2008,11,4,6,6,0,6,140,141,0,0,6,11,0,100,0.596852756,7.24695611,4.416572441,6.289570182,5.578621742
90,2008,5,3,1,1,0,1,122,126,0,0,11,13,0,0,-0.224625189,7.065454749,7.075316757,4.644598664,5.440331079
91,2008,12,5,9,9,0,5,181,163,0,0,15,3,100,0,0.02575926,5.570997012,7.539707392,7.25872646,5.233594215
92,2008,1,2,4,2,1,2,204,181,0,0,5,16,100,0,0.325091226,8.823574658,6.887160841,5.31537508,5.44397357
93,2008,11,7,6,6,0,6,156,159,0,0,11,17,100,0,-0.607352485,6.44567544,7.384290887,4.631708346,6.530979798
94,2008,9,3,9,3,1,9,143,144,0,0,15,9,0,100,0.094272768,6.123021139,5.932739678,5.002559049,4.782811656
95,2008,7,2,7,2,1,2,133,110,0,0,11,8,100,0,0.818422372,7.889359786,4.514121476,6.210369868,5.10542096
96,2008,6,5,1,1,0,1,156,158,0,0,12,16,100,0,-0.075605146,6.141218296,7.578223024,6.372098917,5.514362498
97,2008,9,9,6,6,0,9,221,180,0,0,5,4,0,100,0.110085148,6.000467574,7.397669482,6.66350719,4.917361201
98,2008,8,7,4,4,0,7,194,182,0,0,8,3,100,0,-0.903476363,5.272919131,8.176268427,4.564961009,5.940538492
99,2008,6,2,1,1,0,1,67,68,0,0,8,10,0,100,0.346978638,7.991729092,6.310171878,5.745764449,5.529809282
100,2008,8,7,9,7,1,9,118,94,0,0,10,4,0,0,-0.250620401,4.809332041,6.024179231,5.528357146,5.73176398
101,2008,11,6,3,3,0,6,197,132,0,0,26,6,100,0,0.184075368,6.377663688,6.966473337,6.487516692,5.070076743
102,2008,1,1,4,4,0,1,178,153,0,0,20,8,0,100,-0.344823141,6.922741529,8.70680099,5.957179569,6.199056486
103,2008,7,2,5,2,1,5,149,55,0,0,13,4,0,100,1.113105038,7.546212809,4.237297556,5.600923213,4.036183658
104,2008,5,3,7,7,0,7,154,158,0,0,9,12,0,0,0.04684741,6.972441899,5.197456434,4.665306829,6.00600016
105,2008,7,2,6,6,0,6,147,150,0,0,5,7,0,100,0.229830335,7.698266156,5.632886392,6.061204447,6.641217831
106,2008,6,9,1,1,0,9,189,188,0,0,12,23,0,0,-0.581055059,6.626054858,7.844263993,5.203584372,7.152337112
107,2008,12,3,5,3,1,3,126,112,0,0,4,12,0,100,0.189618129,7.128100523,5.730337846,5.404316111,5.7027345
108,2008,9,4,9,9,0,9,175,178,0,0,5,8,0,100,0.138490931,6.161831507,5.535194172,5.345628477,5.248790057
109,2008,8,1,7,7,0,7,176,179,0,0,9,3,100,0,0.249402656,6.17002357,4.777203104,6.948308754,6.585310945
110,2008,12,6,5,6,1,6,211,201,0,0,7,9,100,0,0.376057238,6.745657724,5.426711001,5.150293781,4.718142503
111,2008,5,3,4,4,0,3,156,153,0,0,5,6,100,0,-0.237836026,7.117215524,7.151170541,5.21816746,6.28395591
112,2008,7,9,2,9,1,2,174,175,0,0,11,9,0,0,-0.133444789,6.690130758,7.469890615,6.043511322,6.067741215
113,2008,11,1,6,6,0,6,145,146,0,0,13,16,100,0,-0.168320619,7.098704515,7.331387883,5.73524562,6.395324574
114,2008,1,4,5,4,1,5,147,148,0,0,16,11,100,0,0.822251849,8.02397319,5.078998148,7.246579031,5.268067688
115,2008,6,6,7,7,0,6,192,87,0,0,4,7,0,0,0.075791439,6.379142294,6.543937318,6.584160922,5.963585952
116,2008,6,9,5,9,1,5,112,116,0,0,4,4,0,100,0.412454455,6.697020663,3.994293226,6.273025057,6.383004838
117,2008,6,5,6,6,0,6,163,164,0,0,7,14,0,100,-0.044276081,5.448921148,6.069661215,6.782254596,6.405547455
118,2009,13,1,5,5,0,1,165,146,0,0,3,9,0,0,-0.057068208,6.524096907,7.200756672,6.285926048,5.993833683
119,2009,13,3,6,3,1,3,133,58,0,0,4,9,0,100,-0.322662627,6.529960682,7.137948408,5.522912125,6.733569424
120,2009,13,9,7,7,0,7,104,58,0,0,8,5,0,0,0.407895025,6.002686525,2.85938824,5.557393278,6.507578925
121,2009,13,2,4,2,1,4,101,104,0,0,5,2,100,0,0.301920237,8.006986714,5.194768646,5.028573975,5.997876307
122,2009,14,5,3,5,1,5,179,87,0,0,13,5,0,0,-0.054728812,6.383637416,6.189364971,6.506248542,7.120092116
123,2009,15,9,2,2,0,2,158,79,0,0,12,4,0,0,-0.198664113,5.743348295,7.130751009,5.648186535,5.398792356
124,2009,13,4,3,4,1,4,184,160,0,0,9,7,0,100,0.374182521,8.041915996,5.952934777,6.891849771,6.496171669
125,2009,15,7,5,7,1,7,189,180,0,0,1,15,0,0,-0.332858994,3.26898165,5.823805641,6.703377464,6.099668291
126,2009,13,6,2,2,0,6,150,150,15,18,10,18,100,0,-0.133669668,8.231815867,7.575435452,5.486851805,6.601386889
127,2009,15,3,9,3,1,9,168,173,0,0,8,13,0,100,0.21992006,7.000658111,5.731247378,6.884265264,6.651873232
128,2009,15,4,1,4,1,4,168,156,0,0,14,13,0,0,0.113634234,7.479088199,6.521704602,6.292691635,6.503398212
129,2009,14,3,7,3,1,7,149,150,0,0,11,4,0,0,0.383109981,6.356453258,4.056314114,6.823598185,6.50234097
130,2009,13,9,6,9,1,9,139,112,0,0,13,10,0,0,0.266926578,6.900788483,7.14775139,6.596819492,5.110024562
131,2009,15,5,4,4,0,4,165,169,0,0,7,10,0,0,-0.270230886,6.052637154,7.393092226,6.379585953,6.811152985
132,2009,14,1,2,1,1,1,187,95,0,0,9,4,100,0,0.140103675,6.360073956,6.065360459,6.672924821,6.062672638
133,2009,16,7,6,7,1,6,143,147,0,0,5,9,0,0,-0.157024188,5.040034603,6.277014498,5.48420718,5.103637694
134,2009,15,2,3,2,1,3,139,143,0,0,9,9,100,0,-0.076577634,8.716027094,6.476495067,5.057681652,7.239532999
135,2009,15,9,1,9,1,9,119,116,0,0,17,11,0,0,-0.122698555,5.938165911,6.232297154,7.17280307,7.958084194
136,2009,16,4,7,7,0,7,148,150,0,0,11,12,0,100,0.450360737,7.068354494,5.079943625,6.080868127,5.497420003
137,2009,16,5,6,6,0,5,164,126,0,0,5,8,0,100,-0.283076081,4.852642796,6.693601434,5.91949438,5.724505505
138,2009,17,1,2,1,1,1,148,139,0,0,13,8,100,0,-0.19023622,5.481767018,8.5833101,7.802048711,6.024587167
139,2009,15,3,9,3,1,3,145,137,0,0,6,13,0,100,0.328824945,8.967501899,6.535349714,5.341437116,5.776749423
140,2009,14,4,6,4,1,6,141,142,0,0,7,7,0,100,-0.12913532,6.828039657,6.644707954,5.898571793,6.846119874
141,2009,18,5,7,7,0,5,163,145,0,0,9,3,0,0,0.728692948,6.765596174,4.905915145,6.819989718,4.672255503
142,2009,14,2,9,2,1,9,153,154,0,0,7,10,0,0,0.728214605,8.618342946,6.089474747,5.810863568,4.852230134
143,2009,18,1,3,1,1,3,149,150,0,0,6,8,0,0,0.052003928,4.951152166,6.193061054,7.300018726,5.499042196
144,2009,17,5,4,5,1,5,178,100,0,0,10,7,0,0,-0.494572699,6.074954107,7.868953198,5.875711921,7.192177591
145,2009,15,6,9,9,0,6,211,133,0,0,4,19,0,0,0.045650629,6.315073216,7.384380976,6.851400492,5.621182656
146,2009,15,2,7,2,1,7,154,157,0,0,4,8,100,0,0.692580163,6.838954624,3.495305231,3.815760925,4.251500028
147,2009,16,4,1,4,1,4,145,126,0,0,9,3,0,0,0.024805725,7.928966403,6.909200082,7.387466459,8.258776673
148,2009,16,3,6,6,0,6,105,107,0,0,5,3,0,0,0.023634882,7.669425443,5.440671442,5.794745561,7.967967127
149,2009,16,5,9,5,1,5,185,174,0,0,6,6,100,0,-0.054152883,5.289306838,6.217826838,6.412598851,5.777671567
150,2009,17,1,7,1,1,7,116,118,0,0,13,6,0,0,0.548033218,5.725824291,4.44295329,7.269810116,4.939528277
151,2009,19,4,9,9,0,9,168,169,0,0,7,9,0,100,0.223034948,7.630107348,8.265953766,8.25401285,6.2312959
152,2009,19,6,5,6,1,5,140,141,0,0,7,10,0,0,0.042488014,6.191128849,6.538800488,6.963881149,6.308162647
153,2009,14,1,3,1,1,1,157,141,0,0,7,14,0,0,-0.082502348,6.029994128,7.636964083,7.67295083,6.605986089
154,2009,18,2,7,7,0,7,123,125,0,0,8,13,0,0,0.697040043,8.339717238,4.916393583,5.008230752,4.967953386
155,2009,19,4,6,4,1,4,166,113,0,0,2,4,0,100,-0.081347407,6.723409188,7.149676815,7.417422763,7.618113191
156,2009,16,2,3,3,0,3,173,176,0,0,9,9,0,0,-0.402952198,8.442920898,8.574446419,4.173646956,5.112357114
157,2009,16,9,1,9,1,1,119,122,0,0,18,6,0,0,-0.119825613,7.346548025,6.216479467,6.219074822,8.35065533
158,2009,15,7,4,4,0,7,173,161,0,0,12,8,100,0,-0.646661559,4.774469366,6.797645144,5.666823549,8.635483059
159,2009,15,5,3,5,1,3,129,132,0,0,4,8,0,0,-0.120208649,6.71994248,7.384459808,6.410804649,6.513664077
160,2009,15,6,1,6,1,6,145,143,0,0,7,18,0,0,0.090820763,7.691800606,5.669579965,7.580299358,9.170476484
161,2009,20,7,9,9,0,9,120,123,0,0,14,9,0,0,-0.391327906,5.726596711,7.048968156,5.385334644,6.240901008
162,2009,14,1,5,1,1,5,147,151,0,0,5,26,0,0,0.107979623,5.050625147,6.390201482,7.677972585,5.371537917
163,2009,18,2,4,4,0,4,160,166,0,0,7,7,0,0,0.063970189,8.393467701,5.427102953,4.743289836,6.947461307
164,2009,18,9,4,4,0,9,134,133,0,0,7,5,100,0,-0.052807516,6.948723549,6.507796869,6.503730523,7.331286836
165,2009,20,7,6,7,1,7,150,136,0,0,5,13,0,0,-0.521649296,3.917429785,6.267300893,5.760100697,6.916308096
166,2009,16,5,2,5,1,2,188,189,0,0,20,5,100,0,-0.487270548,6.052789754,7.596170828,4.903936272,5.700906669
167,2009,18,7,3,7,1,3,134,135,0,0,3,3,0,0,-0.003107766,6.465351658,7.245522221,6.064157159,5.425303034
168,2009,15,6,2,2,0,2,101,102,0,0,5,5,100,0,0.035544622,7.411212397,6.878565193,5.948915632,6.218416167
169,2009,15,5,9,5,1,5,116,92,0,0,7,6,100,0,0.055541961,7.380737846,6.897516668,6.697284235,6.799768875
170,2009,16,1,7,7,0,7,165,166,0,0,24,9,0,0,0.361937778,5.724210766,4.992775033,7.692978752,5.662254857
171,2009,16,3,4,3,1,3,170,158,0,0,2,13,0,0,-0.144475957,6.546977295,5.845051459,5.550139865,7.205090809
172,2009,16,7,4,4,0,4,153,154,0,0,10,6,100,0,-0.268387801,5.083351339,5.731584067,5.417410703,6.437837042
173,2009,18,5,3,3,0,3,146,149,0,0,6,5,0,0,0.219001089,8.104745858,7.23314211,6.270363651,5.904901984
174,2009,18,4,3,3,0,4,143,137,0,0,8,10,0,0,-0.058427449,5.759430203,7.379202071,6.979965723,5.766522933
175,2010,6,2,4,4,0,2,161,150,0,0,15,12,0,0,0.083574988,7.28055798,7.359501689,6.017698689,5.572348475
176,2010,6,1,6,1,1,1,212,208,0,0,16,5,0,0,0.023441521,5.656349931,6.806839881,7.445152088,6.032112927
177,2010,9,9,7,7,0,7,142,146,0,0,13,7,0,0,0.822351781,9.347203202,5.125383999,6.128006362,5.635127182
178,2010,7,3,2,2,0,2,135,136,0,0,5,6,0,0,-0.337269207,7.267835465,7.919731924,5.086062652,5.957853647
179,2010,12,4,5,4,1,4,190,159,0,0,16,3,0,0,-0.268918427,6.954622738,8.873238569,5.682568565,5.380480602
180,2010,21,6,7,7,0,7,141,142,0,0,5,9,0,0,0.605361975,8.128988137,5.113774362,6.097800573,5.629539883
181,2010,5,9,3,9,1,3,203,204,0,0,13,10,0,0,0.661771886,8.444343333,4.980090982,4.880221368,5.019713713
182,2010,7,5,2,5,1,5,164,109,0,0,3,8,0,0,-0.314329648,7.921454568,8.91741162,6.233384311,7.096427796
183,2010,8,1,7,7,0,1,218,120,0,0,17,11,0,0,0.289564778,6.370987693,6.487976294,7.496994715,5.516125779
184,2010,5,6,3,3,0,3,92,93,0,0,7,7,0,0,0.397153288,6.84849,6.030987814,6.305370602,5.059323264
185,2010,8,7,5,7,1,5,185,190,0,0,10,10,0,0,-0.314707133,6.964571405,8.47087959,5.461822927,5.6337719
186,2010,22,4,9,9,0,4,170,164,0,0,1,12,0,100,-0.110065278,6.876816841,8.381836885,6.056043971,5.39790168
187,2010,21,6,2,6,1,6,168,134,0,0,8,5,0,0,-0.323947393,6.706733826,8.620176286,6.158434736,6.234254927
188,2010,6,1,3,1,1,3,151,155,0,0,14,2,0,0,0.288150009,6.505816342,6.652035025,7.005429231,5.256357768
189,2010,22,4,7,4,1,4,171,161,0,0,2,4,0,0,0.114535822,6.555677172,6.448240721,7.066301918,6.382893415
190,2010,12,9,5,5,0,9,136,136,9,10,4,13,0,100,0.007181458,7.036572523,7.604619736,6.051920942,5.568034472
191,2010,6,2,1,2,1,1,155,156,0,0,15,4,0,100,-0.716868634,5.646290008,5.85442522,3.816209807,6.909096391
192,2010,5,3,5,5,0,3,171,135,0,0,14,11,0,0,-0.297645397,6.52228106,9.307499863,5.182332601,4.352945168
193,2010,9,6,9,9,0,6,183,152,0,0,10,6,0,0,-0.056619595,7.029529476,8.605623707,6.402213828,5.459641508
194,2010,6,5,1,1,0,1,180,181,0,0,14,14,0,0,0.347481603,8.295244503,5.79857839,6.503618251,6.694711251
195,2010,21,4,6,4,1,6,148,151,0,0,11,11,0,0,0.194882894,7.118624227,5.819992873,6.539117477,6.56148727
196,2010,9,2,9,2,1,2,183,144,0,0,18,6,0,0,0.317121747,8.157601329,6.929082865,6.897417184,6.171992869
197,2010,5,7,3,3,0,7,183,166,0,0,8,16,0,0,0.120893275,7.393018469,7.323848054,5.452241698,5.049303163
198,2010,21,6,5,6,1,6,177,160,0,0,3,6,0,0,-0.005737037,7.770450862,8.242312627,5.877364531,5.563653466
199,2010,6,1,4,4,0,1,172,131,0,0,10,11,0,0,-0.041276663,6.427409227,6.700226848,6.962120673,6.977922849
200,2010,8,7,2,7,1,7,177,137,0,0,4,11,0,0,0.021649887,7.971583595,8.429067326,6.486075975,6.033532453
201,2010,6,9,1,1,0,1,163,164,0,0,21,17,0,0,0.353308782,8.819961953,6.591905049,6.78302793,6.655911224
202,2010,12,3,5,3,1,5,161,162,0,0,5,10,0,0,0.088072231,7.243006177,6.629633211,6.490812895,6.528410117
203,2010,8,7,6,7,1,7,188,121,0,0,13,3,0,0,0.285965829,7.299626442,6.236228091,6.834907128,6.091273499
204,2010,7,2,4,2,1,2,181,157,0,0,14,7,0,0,0.312418387,7.951687016,6.381814494,6.837136274,6.382678005
205,2010,9,9,3,9,1,3,181,184,0,0,11,10,0,0,0.202148286,8.748993064,7.571874138,6.467943161,6.372982301
206,2010,12,5,6,5,1,5,246,223,0,0,6,15,0,0,-0.121124234,8.181006963,6.424990802,4.777393899,6.685198267
207,2010,6,1,4,1,1,1,178,115,0,0,7,7,0,0,-0.077196819,6.004762711,7.107886081,6.347168902,5.759110188
208,2010,7,2,9,2,1,9,200,204,0,0,13,5,0,0,-0.16355592,6.359286001,8.052570881,6.416300068,5.826393062
209,2010,8,7,3,7,1,7,184,147,0,0,8,2,0,0,-0.314698355,7.660619074,8.998584221,6.522082908,7.19298965
210,2010,23,6,4,6,1,6,159,157,0,0,12,10,0,0,0.421440632,7.385736132,5.210267259,6.906354528,6.281151371
211,2010,12,5,1,5,1,5,165,141,0,0,18,14,0,0,-0.720887813,7.372271333,7.066935296,4.034731057,7.153114738
212,2010,11,9,6,9,1,6,153,157,0,0,9,9,0,0,0.308412562,8.481800995,5.935445843,5.96289672,6.505401741
213,2010,7,2,7,2,1,2,181,167,0,0,7,9,0,0,-0.142356054,6.070939793,7.312667117,6.179646964,5.831884913
214,2010,5,3,4,4,0,4,184,186,0,0,15,8,0,0,0.329173642,7.46491591,4.543814354,5.989332389,6.862240547
215,2010,9,1,9,1,1,9,154,158,0,0,4,4,0,0,0.177015972,6.250348599,7.307812062,6.888822772,5.049409303
216,2010,23,5,4,5,1,4,138,139,0,0,8,8,0,0,-0.239499987,8.023743938,5.7069043,4.056013455,6.872450231
217,2010,5,2,3,3,0,3,160,162,0,0,11,11,0,0,0.121678096,8.983476213,7.332185314,6.157688564,6.844998043
218,2010,8,7,9,7,1,9,111,112,0,0,18,6,0,0,-0.210627724,5.947490165,7.777033845,6.414950196,5.937385621
219,2010,11,1,6,6,0,1,174,137,0,0,12,8,0,0,-0.012450012,6.530743553,6.716257248,8.008035418,7.904175057
220,2010,23,4,3,3,0,4,151,138,0,0,9,13,0,0,-0.037706802,6.989831609,7.263875107,5.994663166,5.953774555
221,2010,6,1,7,1,1,1,183,144,0,0,10,8,0,0,0.233703269,7.147803701,6.109181314,6.927551786,6.407307586
222,2010,12,2,5,2,1,5,139,143,0,0,20,15,0,0,0.338864947,8.264474926,7.707368247,6.661219292,5.52469326
223,2010,11,6,3,6,1,3,130,132,0,0,8,1,0,0,-0.388280312,5.648944617,7.677693732,6.224826508,6.684204046
224,2010,12,5,7,5,1,7,112,113,0,0,8,13,0,0,0.473234215,8.89808643,6.368141926,5.867289853,5.709033613
225,2010,24,9,4,4,0,4,174,178,0,0,8,13,0,0,-0.398343497,7.748083756,7.716760833,4.83645948,6.471860483
226,2010,5,1,3,3,0,1,191,134,0,0,15,5,0,0,-0.077610481,6.791503577,7.722398246,6.818664971,6.437885503
227,2010,7,6,2,6,1,2,132,133,0,0,3,7,0,0,0.252053895,6.084737276,5.761885623,7.271729771,5.825938336
228,2010,24,9,5,5,0,5,192,195,0,0,5,10,0,0,-0.115752556,7.075588887,8.557256537,5.924165189,5.325141937
229,2010,8,4,7,4,1,4,145,134,0,0,3,5,0,0,0.404741787,8.033258756,6.518426349,6.682069244,5.82013947
230,2010,7,1,2,1,1,2,133,135,0,0,6,16,100,0,0.280935619,7.066789673,5.797960324,5.647140413,5.404219709
231,2010,6,1,3,1,1,1,184,149,0,0,13,10,0,0,-0.108939379,7.10654605,7.914238195,6.534338519,6.447383223
232,2010,6,5,4,5,1,5,142,104,0,0,16,8,0,0,0.520072166,9.285551363,6.180092278,5.911111927,5.931075373
233,2010,6,4,3,4,1,3,82,86,0,0,4,3,0,0,0.156202268,7.285329042,6.536216794,7.203815334,6.850143813
234,2010,6,5,1,5,1,5,168,146,0,0,11,12,0,0,0.174239763,9.182122716,7.26800293,5.859824671,6.491195116
235,2011,12,5,2,5,1,5,153,151,0,0,3,8,0,0,0.069150002,7.533643653,6.652178984,6.939716844,7.330469836
236,2011,1,4,6,6,0,6,137,141,0,0,4,5,0,0,0.124871633,7.569598515,6.11703521,6.07489354,6.688054981
237,2011,25,12,3,12,1,3,161,162,0,0,11,13,0,0,0.194876883,7.384423126,8.308858545,6.484908424,5.002530271
238,2011,8,7,1,7,1,1,95,99,0,0,4,11,0,0,0.006243215,6.54917376,6.584843833,7.858467122,7.758094134
239,2011,6,9,13,9,1,13,112,113,0,0,10,4,0,0,-0.042398809,7.268314616,5.411352292,4.709313965,6.567700991
240,2011,7,2,4,2,1,2,163,154,0,0,10,9,0,0,0.122552499,6.561613779,7.739316381,7.699666653,5.818570473
241,2011,11,7,6,7,1,6,151,152,0,0,9,12,0,0,0.23255262,7.483696771,6.906511457,7.412039561,6.427365784
242,2011,5,3,1,1,0,1,140,143,0,0,15,3,0,0,-0.039527204,6.267446274,4.971516966,4.729552905,6.195376546
243,2011,9,5,9,9,0,9,188,193,0,0,5,1,0,0,0.269528772,7.36367207,7.022674851,6.663004681,5.563749362
244,2011,6,12,13,12,1,13,148,151,0,0,11,11,0,0,0.095032835,7.929637636,7.707125866,6.583857946,6.265307481
245,2011,1,4,3,3,0,4,175,142,0,0,7,8,0,0,0.240495956,7.579415899,7.1537881,5.50441148,4.921243991
246,2011,11,6,2,2,0,2,159,160,0,0,19,4,0,0,-0.084622434,6.800070501,6.274066716,5.21384621,6.078412955
247,2011,6,1,12,12,0,12,182,184,0,0,17,11,0,0,-0.085416638,5.591401806,5.19678559,5.680492231,6.74124911
248,2011,12,5,3,5,1,5,183,162,0,0,4,9,0,0,0.265017113,7.462184054,7.370345971,5.780653603,4.845513341
249,2011,1,4,9,9,0,9,165,166,0,0,5,14,0,0,0.040074387,8.575297849,7.712251576,5.788585333,6.248418154
250,2011,6,13,7,7,0,7,187,190,0,0,8,10,0,0,-0.2206276,7.26079334,6.766791509,5.615036839,7.375166693
251,2011,7,6,2,2,0,2,81,85,0,0,5,11,0,0,-0.113733387,5.713183389,6.624919755,7.473089087,7.393121412
252,2011,25,5,12,12,0,12,131,135,0,0,3,3,0,0,0.117573961,8.009733893,6.089101145,5.615589235,6.664254682
253,2011,8,4,7,4,1,4,168,152,0,0,5,13,0,0,-0.128670668,7.425648211,7.258490964,6.834106844,7.955250764
254,2011,6,13,1,13,1,1,118,124,0,0,12,10,0,0,-0.027125493,9.856029707,7.110353163,5.430502857,7.686748207
255,2011,7,12,2,2,0,12,132,126,0,0,8,11,0,0,0.104815045,7.845352403,6.605867233,6.854694795,7.342296893
256,2011,9,9,6,6,0,9,195,147,0,0,17,2,0,0,0.017165792,6.939266959,6.7866027,6.179437549,6.221205901
257,2011,6,1,5,5,0,1,164,156,0,0,14,10,0,0,-0.037620585,6.69875636,8.644490025,7.10802944,5.683955171
258,2011,7,2,3,3,0,3,171,175,0,0,13,5,0,0,0.724135711,6.92444142,4.530783683,6.975317472,5.040793377
259,2011,8,7,9,9,0,7,231,202,0,0,16,5,0,0,0.523968928,8.819308888,7.915023802,7.331095096,5.499625565
260,2011,1,1,4,4,0,1,172,135,0,0,5,12,0,0,-0.028451863,7.576845412,8.130805709,6.94819437,6.636155379
261,2011,11,12,6,6,0,6,109,111,0,0,9,2,0,0,0.727592916,7.785840857,5.593997806,6.683200446,4.976196917
262,2011,12,5,13,13,0,5,142,117,0,0,4,7,0,0,-0.297460189,8.439442129,8.969831575,5.640465334,6.528012244
263,2011,8,7,3,3,0,3,160,161,0,0,13,18,0,0,0.356687568,7.547534491,7.692763283,7.56176745,5.493066971
264,2011,6,13,5,13,1,5,141,145,0,0,5,8,0,100,0.483060441,8.765781391,6.168378424,5.819020727,5.680639498
265,2011,25,4,12,12,0,4,129,74,0,0,7,7,0,0,0.119590306,8.180006016,7.432521462,6.796569188,6.742726955
266,2011,8,2,7,7,0,2,148,131,0,0,8,7,0,0,-0.223857468,7.634775964,8.445298027,6.673195394,7.329165404
267,2011,11,1,6,6,0,6,94,95,0,0,7,2,0,0,0.599440503,7.98427475,5.698139375,7.366132609,5.815205166
268,2011,5,3,13,13,0,3,181,155,0,0,2,9,0,0,0.048648801,7.58237149,8.277491734,5.837514237,5.169924187
269,2011,25,7,12,7,1,7,157,119,0,0,16,8,0,0,0.42037816,8.738763025,6.879920733,7.413317637,6.480709089
270,2011,7,9,2,2,0,2,119,120,0,0,6,12,0,0,0.087654941,7.032237535,6.744899089,6.005984726,5.80848012
271,2011,11,13,6,6,0,6,143,144,0,0,5,11,0,0,-0.13053437,7.514689894,6.863606027,5.770971532,7.09737502
272,2011,12,5,4,5,1,5,165,146,0,0,9,5,0,0,-0.020189811,8.259416181,6.992516253,5.480629228,6.577694909
273,2011,6,1,9,9,0,1,159,136,0,0,5,12,0,0,0.291964333,7.529357695,6.603560902,6.693809767,5.889295514
274,2011,8,7,12,12,0,12,140,141,0,0,7,18,100,0,0.352594075,8.747168958,6.699517676,7.170745687,6.797197546
275,2011,1,2,4,4,0,2,169,149,0,0,10,4,0,0,-0.368514544,6.718380997,8.179603669,5.929459059,6.645472828
276,2011,12,6,5,6,1,5,147,149,0,0,7,4,0,0,0.308350165,6.793584336,6.011163485,6.595138722,5.569407197
277,2011,6,1,13,13,0,1,160,139,0,0,15,10,100,0,0.315720793,7.596652524,7.170688664,7.265809816,5.831784382
278,2011,25,12,2,2,0,12,156,139,0,0,6,3,100,0,0.093622879,6.801029605,6.254348642,6.610037075,6.540630582
279,2011,1,4,7,7,0,7,175,179,0,0,10,10,0,0,0.033258876,8.410541268,8.047024768,7.810162325,7.90771837
280,2011,5,3,9,9,0,3,205,120,0,0,6,5,0,0,0.103810386,7.353454473,7.337502634,5.766436055,5.343068471
281,2011,7,5,2,5,1,2,114,61,0,0,6,4,0,0,-0.183956113,6.735169299,6.433106179,5.525137802,6.869972192
282,2011,6,1,7,7,0,1,178,146,0,0,6,9,0,0,-0.069595702,7.558584601,8.541175733,7.27974311,6.84850351
283,2011,5,12,3,12,1,3,125,128,0,0,10,5,0,100,0.380467717,7.672496304,6.314382565,6.096110008,5.417385383
284,2011,9,9,13,9,1,13,119,120,0,0,4,12,0,100,-0.045129524,7.708163945,7.563532705,5.790975342,6.112932561
285,2011,11,5,6,6,0,5,196,133,0,0,8,5,0,0,0.166238262,7.720556231,5.702662084,5.75578991,6.672863686
286,2011,1,4,13,4,1,13,136,137,0,0,1,3,0,0,0.418451684,8.46114471,8.126134454,7.692090625,5.736840011
287,2011,9,9,1,1,0,9,163,87,0,0,22,5,0,0,-0.297596396,7.306368609,7.236734545,5.446641063,7.086243776
288,2011,11,6,3,3,0,3,146,151,0,0,11,4,0,0,0.411132359,5.635880761,5.226607279,6.910005927,4.827245592
289,2011,12,5,7,5,1,5,176,158,0,0,4,14,0,0,-0.074250901,8.516738307,8.181523105,5.765191221,6.3327434
290,2011,4,12,9,9,0,9,178,181,0,0,23,8,0,0,-0.03111516,7.045069109,7.691980637,5.741834905,5.383986056
291,2011,5,2,3,3,0,3,89,105,0,0,7,6,0,0,0.615968492,7.073417536,5.879519771,6.901817808,4.818902034
292,2011,6,4,1,4,1,4,135,125,0,0,7,18,0,0,0.059938635,7.273773841,7.002718876,7.253871826,7.094182212
293,2011,24,9,7,7,0,9,170,141,0,0,9,12,0,0,-0.469871966,7.509302643,8.175418551,5.087876242,6.604655813
294,2011,4,6,12,12,0,12,97,98,0,0,3,9,100,0,0.083528162,6.518775158,6.551578936,7.223638468,6.581350575
295,2011,6,13,4,4,0,4,136,138,0,0,3,9,100,0,-0.404007904,7.444582753,8.45868794,6.283128794,7.9008891
296,2011,24,9,3,9,1,9,232,121,0,0,27,9,0,0,-0.046678805,6.612417812,7.67918676,5.131420058,4.560840359
297,2011,12,5,12,5,1,5,152,141,0,0,4,9,0,100,0.018859758,8.544875667,7.384951694,5.752923875,6.560131354
298,2011,6,13,2,2,0,2,118,119,0,0,12,5,0,0,0.152757041,7.739722075,6.11880492,6.349798845,6.932881056
299,2011,6,1,6,1,1,6,133,134,0,0,5,2,0,0,0.284466824,6.639733766,5.677414642,6.871190599,5.977808525
300,2011,24,4,9,9,0,4,198,116,0,0,16,4,0,0,0.051572211,5.510737243,6.425273703,6.920175704,5.622877688
301,2011,8,7,13,7,1,14,56,0,0,0,5,0,100,0,-2.956118524,4.729290742,3.191033658,0.840776607,5.635326393
302,2011,5,5,3,3,0,3,128,129,0,0,10,10,0,0,0.485791705,8.423230447,6.254734515,5.601063185,5.256317296
303,2011,7,2,1,1,0,1,175,178,0,0,6,16,0,0,0.201623865,7.132412576,6.023413039,7.34885372,6.983909034
304,2011,6,3,5,5,0,5,175,177,0,0,14,8,0,0,-0.169968535,7.17232307,7.414563159,5.117430775,5.608129479
305,2011,6,2,1,1,0,1,147,148,0,0,6,4,0,0,-0.004335257,7.09016327,7.606291041,7.318940143,6.85088902
306,2011,12,3,1,1,0,3,185,142,0,0,14,4,0,0,-0.10117009,7.805874307,7.327440594,6.127237335,7.130541365
307,2011,12,5,3,5,1,5,205,147,0,0,9,6,0,0,-0.177902385,7.403482797,7.903221991,5.68751132,6.110136
308,2012,12,5,1,1,0,1,112,115,0,0,12,6,0,0,0.306407349,8.181566398,6.211934266,6.638205909,6.586391922
309,2012,7,2,7,7,0,7,97,100,0,0,7,5,0,0,-0.126224541,6.369702368,6.340096877,6.758419285,7.845630426
310,2012,6,13,1,1,0,13,129,101,0,0,8,5,0,100,-0.213173759,6.123613128,6.78565464,5.6262003,6.167355207
311,2012,11,6,9,9,0,6,191,160,0,0,19,6,0,0,0.092291098,6.723875548,6.133786362,6.261854266,6.273213977
312,2012,5,3,7,7,0,3,157,137,0,0,6,4,0,0,-0.474427309,6.508861131,7.625986763,6.317868475,8.884322205
313,2012,26,5,4,4,0,5,193,119,0,0,11,4,0,0,-0.033885424,8.637998073,8.117015339,7.801694372,8.581944579
314,2012,11,6,2,2,0,6,164,142,0,0,3,7,0,0,-0.105967549,6.837404187,7.35340221,6.386702901,6.540506422
315,2012,2,13,9,13,1,13,166,144,0,0,12,11,100,0,-0.241784171,6.388197436,5.980161244,5.281053536,7.172945039
316,2012,26,4,1,4,1,1,138,142,0,0,5,4,0,0,0.332694267,7.879568653,6.327849473,7.230949322,6.523898664
317,2012,5,2,3,3,0,2,165,123,0,0,6,10,0,0,0.100341054,6.746555029,7.858262351,7.868814289,6.138812179
318,2012,8,5,7,7,0,7,110,111,0,0,6,1,0,0,0.28697353,8.737987284,7.133142643,7.588334989,7.121495243
319,2012,6,1,6,6,0,1,197,170,0,0,6,4,0,0,0.038604154,6.389807752,6.710298613,6.341173598,5.825784484
320,2012,12,3,5,3,1,5,205,208,0,0,16,6,0,0,-0.354840108,6.820213957,7.935628961,6.263945297,7.478027491
321,2012,9,13,9,9,0,9,115,116,0,0,12,0,100,0,-0.016946309,6.322302065,6.414198776,6.457824154,6.475789534
322,2012,7,6,2,6,1,2,131,137,0,0,10,12,0,0,-0.116354574,6.974078437,7.093744691,6.512471836,7.16833486
323,2012,8,4,7,4,1,7,157,162,0,0,6,4,0,0,-0.075997045,7.417517884,8.262439013,7.854850731,7.600749419
324,2012,2,5,13,5,1,13,155,156,0,0,6,5,100,0,0.239708499,7.052977503,6.58139963,6.768129265,5.818717301
325,2012,7,9,2,2,0,9,134,132,0,0,7,9,0,0,-0.095461545,7.907776875,7.168606978,6.003988621,7.198622138
326,2012,5,6,3,6,1,6,195,136,0,0,6,3,0,0,-0.496516674,4.627804502,7.739881944,6.148453155,6.070706094
327,2012,6,1,7,7,0,7,92,93,0,0,9,11,0,0,-0.101278156,7.872563566,7.41701324,6.189055874,7.175599652
328,2012,11,4,6,4,1,6,196,197,0,0,13,6,0,0,-0.019406235,5.658022757,5.527203675,6.093848231,6.374465225
329,2012,5,13,3,13,1,3,182,186,0,0,7,7,0,100,0.124969866,6.195693471,6.7600879,7.272553843,5.875456872
330,2012,9,9,2,9,1,2,124,127,0,0,3,5,0,0,0.019303248,8.067764486,7.514375684,5.691569205,6.02266339
331,2012,1,4,7,4,1,7,187,193,0,0,2,16,0,0,0.131245154,6.575316793,6.42665442,6.1527798,5.592409006
332,2012,12,5,13,13,0,5,164,151,0,0,2,15,0,0,0.298322877,6.958416011,6.93493715,7.416412257,5.641641816
333,2012,9,9,3,3,0,3,163,166,0,0,8,8,0,0,0.088139304,7.4614578,6.670230454,5.900322578,6.122849618
334,2012,12,6,5,6,1,5,146,147,0,0,14,2,0,0,-0.26273903,6.49826069,6.941492094,6.061387819,7.363806599
335,2012,8,13,7,7,0,13,192,172,0,0,15,5,0,0,-0.728169406,6.297828227,8.513223097,5.149681954,6.808568091
336,2012,6,1,9,1,1,9,163,164,0,0,6,6,0,0,0.376273864,8.341030176,6.819590992,7.140296869,6.265049878
337,2012,22,4,2,2,0,2,126,127,0,0,3,9,0,0,-0.417236772,6.353328692,8.367723281,5.714148298,6.067257399
338,2012,11,3,6,6,0,3,189,143,0,0,19,10,0,0,-0.127058142,5.731658849,6.074134736,6.273794285,6.814337982
339,2012,2,13,7,13,1,7,146,148,0,0,5,7,0,0,-0.447990204,5.264533906,6.664862431,5.131186916,6.186998489
340,2012,9,9,1,9,1,1,168,171,0,0,10,9,0,0,-0.704484661,6.210014478,8.167376001,5.31438622,7.460748525
341,2012,2,4,13,4,1,4,177,159,0,0,11,9,0,0,0.091689726,6.16337956,5.760446908,6.256698521,6.088043222
342,2012,8,7,1,1,0,7,207,170,0,0,9,4,0,0,0.477633935,8.421777779,6.137018121,7.397306935,6.442299784
343,2012,12,9,5,9,1,9,156,149,0,0,5,6,0,0,-0.848413209,6.286125755,9.726593618,5.68382949,7.28520835
344,2012,7,2,3,2,1,2,190,143,0,0,5,5,0,0,-0.052180456,6.212234804,6.645593501,6.129258076,6.019253671
345,2012,8,7,6,7,1,7,152,151,0,0,8,4,0,0,0.435233513,8.406815487,6.382622865,7.282765011,6.409419026
346,2012,6,4,1,1,0,1,100,101,0,0,5,10,0,0,0.43144451,7.802630448,6.034627501,7.571989491,6.351803863
347,2012,12,5,2,5,1,2,139,140,0,0,6,13,0,0,0.017527305,7.494118087,7.668216095,7.252886154,6.972625673
348,2012,22,4,13,4,1,4,186,173,0,0,11,6,0,0,0.472289502,8.085790088,7.210520061,7.083941211,5.426129647
349,2012,11,6,7,6,1,7,141,144,0,0,5,9,0,0,-0.101859998,7.855100136,8.473342793,6.870717307,6.94284829
350,2012,5,3,9,9,0,9,158,163,0,0,6,4,0,0,0.050071455,5.913551064,6.15409281,6.731022817,6.132103088
351,2012,2,1,13,1,1,1,120,119,0,0,11,6,0,0,0.147514049,7.254898851,6.592982775,7.156286017,6.787894546
352,2012,12,5,4,5,1,5,160,150,0,0,8,4,0,0,0.045354556,8.657950494,7.128153418,7.239719687,8.406232146
353,2012,7,2,13,2,1,2,150,143,0,0,19,10,100,0,0.292309588,7.431170987,6.33038609,7.235759961,6.366748274
354,2012,9,6,9,6,1,6,177,134,0,0,6,12,0,0,0.388846694,7.157995438,6.65943364,7.863764848,5.792677321
355,2012,6,5,1,1,0,1,173,174,0,0,9,3,0,0,0.354560752,8.571209231,6.517326846,7.326294177,6.889258524
356,2012,5,4,3,3,0,3,181,185,0,0,6,6,0,0,-0.385452677,5.535103857,8.215897307,6.344395994,6.085659675
357,2012,8,7,2,7,1,2,153,154,0,0,14,16,0,0,0.077695663,7.902842327,7.788062325,6.44561266,6.145437361
358,2012,2,13,6,13,1,6,125,126,0,0,10,0,0,100,0.084465866,6.982781792,6.778100019,7.487836609,7.055591267
359,2012,1,9,4,4,0,9,170,145,0,0,7,12,0,0,-0.483552697,6.080166473,8.119479292,5.991830339,6.976356493
360,2012,6,1,3,3,0,3,141,142,0,0,7,5,0,0,0.521596362,7.42684892,5.393253999,7.292099143,5.888722038
361,2012,11,6,5,5,0,5,126,127,0,0,12,13,0,0,0.060064948,6.483323966,7.348695787,8.338930508,6.887506685
362,2012,2,3,13,13,0,3,173,138,0,0,9,4,100,0,0.001824929,6.308274427,6.524308706,6.331661872,6.111183386
363,2012,7,1,2,1,1,1,182,155,0,0,5,4,0,0,0.05512948,6.599726454,6.658850242,6.338658174,5.969126165
364,2012,12,7,5,5,0,5,114,115,0,0,7,1,0,0,0.225080263,8.751711364,7.352976507,6.919794725,6.796492135
365,2012,11,6,13,6,1,6,170,125,0,0,3,4,100,0,0.158421646,5.851697592,6.735063961,7.637796504,5.625394454
366,2012,9,4,9,4,1,9,190,194,0,0,9,8,0,0,0.082615656,6.95866187,6.940194788,6.611403599,6.145346321
367,2012,5,3,1,1,0,1,171,173,0,0,14,11,0,0,-0.127030496,7.282694645,7.847858094,6.146693762,6.334263052
368,2012,7,2,5,5,0,5,158,160,0,0,3,5,0,0,0.051065474,7.757380503,8.136730344,6.845056515,6.257126856
369,2012,8,9,7,9,1,7,136,140,0,0,4,2,0,0,-0.529597594,7.579069145,8.751192414,5.278490764,6.717251758
370,2012,6,2,1,1,0,2,140,108,0,0,14,4,0,0,0.18040736,8.057470914,7.800655818,7.273474705,6.431121794
371,2012,24,5,9,9,0,9,120,123,0,0,4,5,0,0,0.115657045,7.429294279,6.85252427,6.836451626,6.645116883
372,2012,8,3,7,7,0,3,215,194,0,0,4,7,0,0,-0.108046827,7.854415466,9.185334009,6.148451197,5.667458562
373,2012,1,6,4,6,1,4,126,128,0,0,7,9,0,0,0.035143034,7.281568145,7.397528897,7.422084454,7.05691418
374,2012,24,9,7,7,0,7,141,145,0,0,8,9,0,0,0.222616248,7.622805248,7.841238153,6.950246775,5.643128612
375,2012,2,2,13,2,1,2,136,102,0,0,7,10,100,0,0.485198652,7.178178002,6.298577925,7.445023373,5.392218617
376,2012,1,4,3,3,0,4,132,123,0,0,10,3,0,0,0.082800293,7.55264638,8.168577523,7.087105966,6.113536139
377,2012,11,6,1,6,1,1,162,163,0,0,14,18,0,0,0.086143303,7.312241251,6.009492152,6.718431926,7.456740281
378,2012,2,2,7,2,1,2,162,144,0,0,4,14,0,0,-0.07530377,6.63549875,8.751563574,7.890183357,6.418133527
379,2012,5,5,1,1,0,5,187,149,0,0,5,11,0,0,0.044799009,8.348325115,7.340454541,6.796475876,7.421806454
380,2012,12,5,7,7,0,5,222,136,0,0,6,11,0,0,-0.275938617,6.569947676,7.7954839,5.893347573,6.276092897
381,2012,12,5,2,5,1,2,190,192,0,0,7,8,0,0,0.083766588,8.371446675,6.62505693,6.883641714,8.001753847
382,2013,7,7,2,2,0,2,128,129,0,0,5,6,0,0,-0.295707908,7.822811332,7.635326579,5.523758677,7.199598179
383,2013,5,3,1,1,0,3,156,154,0,0,16,8,0,0,-0.328157202,7.72949522,8.396293624,5.438896197,6.358624383
384,2013,1,10,13,13,0,10,126,104,0,0,3,2,0,0,0.153126394,9.439729218,6.829723011,6.260773033,7.588196092
385,2013,8,6,7,6,1,6,165,160,0,0,9,11,0,0,0.399523682,8.221878565,7.954445077,7.125042462,5.423651847
386,2013,12,1,5,1,1,1,148,139,0,0,9,7,0,0,-0.022190988,8.764507181,8.719074106,6.515925912,6.660332091
387,2013,2,13,9,13,1,9,99,100,0,0,3,3,0,0,0.095785323,6.270088844,6.760750067,6.893201205,5.824131741
388,2013,1,3,10,3,1,10,130,130,20,15,8,16,0,100,-0.591769104,7.21428886,8.635416016,5.572493662,7.53150757
389,2013,11,6,2,2,0,6,144,125,0,0,9,11,0,0,0.093678369,6.469315196,7.016945827,8.577600784,7.095624899
390,2013,6,1,7,1,1,1,209,165,0,0,10,10,0,0,-0.067061144,7.038311293,7.264440415,5.556590141,5.674708984
391,2013,9,9,5,5,0,5,138,139,0,0,8,3,0,0,0.220660088,7.380261786,7.521105955,6.233599556,5.171136337
392,2013,5,2,3,3,0,3,154,158,0,0,6,10,0,0,0.68655599,8.475154494,5.299785773,7.317918969,6.007440234
393,2013,2,6,13,6,1,13,145,148,0,0,7,6,100,0,-0.131163563,5.133889042,6.500357121,7.543514277,7.027419164
394,2013,8,7,10,7,1,10,114,115,0,0,7,3,0,0,-0.064936982,8.375495192,8.035617263,6.598459032,7.26493938
395,2013,6,1,13,1,1,1,183,142,0,0,3,5,0,0,-0.191400908,7.007413917,7.193071547,6.579468365,7.769962805
396,2013,12,3,5,5,0,5,165,166,0,0,8,8,0,0,-0.381692564,6.736008034,9.170508715,6.488838519,6.529786055
397,2013,7,2,10,2,1,2,180,132,0,0,8,12,0,0,-0.319102913,7.288840849,8.581244111,6.388911267,7.117705342
398,2013,11,9,6,6,0,6,124,126,0,0,10,9,0,0,-0.347934364,6.333649244,6.946908688,6.194132424,8.18728095
399,2013,12,13,5,13,1,13,159,135,0,0,8,2,0,0,-0.397226077,6.332978906,9.386766751,6.893920427,6.566928324
400,2013,9,9,2,2,0,9,157,153,0,0,6,12,0,0,-0.687332042,5.710715915,9.180656513,5.800196828,6.377224833
401,2013,5,7,3,3,0,3,152,152,15,11,5,4,0,0,0.224773356,8.297204738,5.983753565,5.732556816,6.540479768
402,2013,2,10,13,13,0,10,119,108,0,0,5,0,100,0,0.173493413,8.112782848,6.17575175,6.780424269,7.481947972
403,2013,11,6,1,6,1,6,179,92,0,0,15,7,0,0,0.285671531,6.802113106,6.718473797,8.621880028,6.387519095
404,2013,8,5,7,5,1,5,169,83,0,0,9,4,0,0,0.021841616,8.349059509,8.849422612,6.71113702,6.228507462
405,2013,1,9,10,9,1,10,123,127,0,0,7,6,0,100,-0.243954143,6.593500312,7.347957249,6.033933026,6.770770725
406,2013,7,2,5,2,1,5,119,124,0,0,4,6,0,0,0.052885696,8.785505559,9.270686494,7.427345606,6.752530138
407,2013,5,6,3,3,0,3,117,123,0,0,0,16,0,0,0.359287082,6.481632386,6.840808023,8.599938348,5.613087974
408,2013,8,1,7,1,1,7,161,165,0,0,3,4,0,0,0.164585027,7.709187855,6.961823653,6.29762841,6.069975513
409,2013,9,13,9,9,0,9,185,186,0,0,8,3,0,0,0.381183768,6.538168338,5.795726935,7.728078371,5.780154141
410,2013,12,6,5,6,1,5,185,186,0,0,10,7,0,0,0.134238925,6.934737527,7.581330359,8.26269002,6.59335524
411,2013,5,3,13,13,0,3,263,133,0,0,11,4,100,0,-0.252240264,6.475672465,5.983542652,5.843620602,8.391392598
412,2013,24,9,7,7,0,9,171,164,0,0,9,13,0,0,-0.51695091,5.478719446,8.319341783,5.504051435,5.508779297
413,2013,7,2,1,2,1,1,159,162,0,0,6,4,0,0,0.091963325,8.887300758,8.095407095,6.999807999,7.118486579
414,2013,12,10,5,10,1,5,159,160,0,0,8,6,0,0,0.356587261,8.748861858,7.59608712,7.725241003,6.529640544
415,2013,7,9,2,9,1,2,149,150,0,0,5,12,0,0,-0.462650042,7.49227751,8.548491904,5.23638094,6.404372738
416,2013,11,10,6,10,1,6,144,146,0,0,11,2,0,0,0.31941311,8.390088124,6.157454524,7.912296263,7.643846506
417,2013,6,1,3,1,1,1,194,136,0,0,9,11,0,0,0.163607669,7.089852267,6.289178509,6.442573195,6.220270125
418,2013,12,5,2,2,0,5,200,186,0,0,3,20,0,0,0.132629359,8.394814031,8.737699804,6.396837297,5.601883285
419,2013,27,7,13,13,0,7,164,149,0,0,14,6,0,0,-0.062085341,8.162460594,5.730665983,5.611506619,8.510102677
420,2013,11,3,6,6,0,6,171,173,0,0,10,5,0,0,-0.15233587,7.341758018,7.510249358,6.674961083,7.547024404
421,2013,6,1,9,1,1,1,174,170,0,0,8,13,0,0,0.605339999,7.898208524,5.93328587,7.54453932,5.674919774
422,2013,2,5,13,5,1,5,164,127,0,0,4,6,0,0,0.11575259,9.267351408,6.739721825,6.574888803,8.123393419
423,2013,1,1,10,1,1,10,129,130,0,0,7,3,0,0,0.215835862,7.904565868,7.263149013,7.487909483,6.665910337
424,2013,27,2,7,2,1,7,136,137,0,0,7,2,0,0,0.307130855,9.052339429,8.292273838,6.463474393,5.693028247
425,2013,12,5,9,5,1,5,186,171,0,0,3,3,0,0,0.724906881,8.298204663,5.776233385,6.480688533,5.134372443
426,2013,2,3,13,3,1,3,187,170,0,0,12,6,100,0,-0.403044745,6.224354666,7.041832115,5.779426803,7.633628244
427,2013,7,6,2,6,1,2,132,133,0,0,7,10,0,0,-0.015642473,7.238450339,7.291876513,6.403688433,6.445309963
428,2013,1,7,10,7,1,10,80,81,0,0,6,3,0,0,-0.261281974,8.052730096,8.517460706,6.69349493,7.963410143
429,2013,5,3,9,9,0,9,174,176,0,0,7,8,0,0,0.190416654,6.092496524,5.824733741,6.074306781,5.300911496
430,2013,6,1,5,1,1,1,139,79,0,0,4,9,0,0,0.006856812,7.238612638,9.288616828,7.528258346,5.83434316
431,2013,11,13,6,13,1,6,178,182,0,0,11,3,0,0,0.03244126,7.505999644,6.787363414,6.595567628,7.070987163
432,2013,5,10,3,10,1,3,161,162,0,0,5,5,100,0,0.152717501,7.947923574,6.288404226,5.925757176,6.547342661
433,2013,11,7,6,7,1,6,154,155,0,0,7,11,0,0,0.168371044,7.892628577,5.904963704,5.774531124,6.627122499
434,2013,6,1,2,1,1,1,170,105,0,0,11,9,0,0,0.020783139,7.766050772,8.395565057,7.53975827,6.846624396
435,2013,1,5,10,10,0,5,223,146,0,0,10,4,100,0,0.1150903,8.285895369,7.866834971,6.573746755,6.316455003
436,2013,9,9,6,6,0,6,145,147,0,0,9,6,0,0,0.064379788,6.453507146,5.055508693,5.428505365,6.481578613
437,2013,2,2,13,2,1,2,152,106,0,0,11,4,100,0,0.098914029,8.9783628,9.195266245,7.434408533,6.721506408
438,2013,8,3,7,7,0,3,183,179,0,0,5,11,0,0,-0.451240349,6.009735761,9.063554333,6.493596252,6.36268857
439,2013,2,13,1,13,1,1,112,116,0,0,4,4,0,0,0.062040888,7.617055087,7.066239022,7.431250034,7.519879436
440,2013,9,10,9,9,0,10,150,120,0,0,4,8,100,0,0.671661969,7.966128751,6.628122069,7.793833379,5.233665654
441,2013,28,3,2,2,0,2,115,116,0,0,3,5,0,0,-0.179622244,7.435633588,8.331913825,6.725231431,7.019507267
442,2013,11,5,6,6,0,6,141,144,0,0,8,1,0,0,-0.061542576,7.37059261,7.025220931,6.642121811,7.399193125
443,2013,8,7,9,9,0,9,120,121,0,0,7,6,0,0,0.277492807,7.179476175,6.842915115,6.443083472,5.359622902
444,2013,6,10,1,10,1,1,178,184,0,0,7,7,0,0,0.019991188,7.787918908,7.896965597,7.651776977,7.402721656
445,2013,28,13,2,2,0,13,170,163,0,0,1,15,0,100,-0.445037528,5.765307207,9.300214319,7.266089392,6.905302492
446,2013,12,5,7,5,1,5,168,135,0,0,10,9,0,0,-0.084238302,7.560899985,7.502008483,6.668008848,7.264253568
447,2013,6,1,6,6,0,1,166,152,0,0,7,16,0,0,-0.046725465,7.12048056,6.942420407,7.128414374,7.679695877
448,2013,9,3,9,9,0,9,190,194,0,0,10,11,0,0,-0.076276237,5.640908516,5.743257862,5.749972012,6.114434284
449,2013,1,10,6,10,1,10,136,113,0,0,15,6,0,100,0.08905948,8.105363438,7.727146928,7.88591841,7.582717533
450,2013,24,9,1,1,0,9,183,133,0,0,7,9,0,0,-0.682357302,6.590027764,8.131386707,5,6.981552981
451,2013,2,13,7,13,1,13,172,134,0,0,5,16,0,0,-0.175842576,6.390574617,8.34111331,7.732518212,7.078119332
452,2013,5,3,5,5,0,3,106,82,0,0,5,2,0,0,-0.153629447,6.210661481,8.260312425,7.132642712,6.18302091
453,2013,1,2,10,2,1,10,130,132,0,0,14,9,0,0,-0.103522664,7.989742744,7.338867149,6.360582473,7.607238653
454,2013,8,5,1,5,1,5,192,144,0,0,1,5,0,0,-0.138661856,7.134745059,7.707441343,6.630835151,6.969554543
455,2013,8,10,6,10,1,6,132,135,0,0,6,4,0,0,0.179229528,8.069826615,6.912292409,8.036830026,7.764626353
456,2013,7,6,1,6,1,1,165,169,0,0,14,10,0,0,-0.009322499,6.882097595,8.087430052,7.801921171,6.699390542
457,2013,7,1,5,1,1,1,148,125,0,0,5,9,0,0,-0.062395298,7.859839911,8.963409043,7.183153068,6.630301097
458,2014,29,2,1,2,1,2,163,122,0,0,8,5,0,0,0.314676692,7.309537071,6.42036258,6.791174598,5.800876229
459,2014,30,7,3,3,0,3,145,146,0,0,10,4,0,0,0.305645518,7.490613083,6.017788105,6.325093862,5.958833317
460,2014,29,5,9,5,1,9,205,206,0,0,14,6,0,0,0.372052416,7.779083548,6.529518153,7.236182444,6.10413676
461,2014,29,10,6,6,0,6,133,135,0,0,15,5,0,0,-0.157766909,8.3058514,7.968686376,7.697910299,9.466346308
462,2014,31,1,3,3,0,3,115,116,0,0,12,2,0,0,-0.102251307,7.236209301,7.66857614,6.662373876,6.899669092
463,2014,31,2,7,2,1,7,166,167,0,0,14,11,0,0,-0.16835989,7.364785522,8.915141286,6.774059079,6.416934369
464,2014,30,6,9,9,0,9,191,193,0,0,6,9,0,0,0.4405994,7.562698085,7.674729364,9.106794957,5.892948855
465,2014,29,5,7,5,1,5,177,84,0,0,6,2,0,0,0.155612971,7.205457358,7.980871725,8.280522501,6.436745503
466,2014,30,9,10,10,0,9,193,121,0,0,9,8,0,100,-0.289540031,8.24081711,8.576271798,6.336422364,7.745507438
467,2014,31,5,6,6,0,5,140,133,0,0,13,2,0,0,-0.080615396,7.214331192,6.956578994,8.264796923,9.478863622
468,2014,30,2,3,3,0,2,150,148,0,0,7,8,0,0,-0.300589534,7.158031502,7.557605632,5.81035181,7.157141063
469,2014,31,10,7,10,1,10,184,180,0,0,5,6,0,0,-0.136880992,7.479882303,7.854101643,6.737462829,7.270104799
470,2014,31,1,5,1,1,5,141,142,0,0,1,7,0,0,-0.29608675,6.525599458,6.830223693,5.706887027,7.244612566
471,2014,29,3,6,6,0,6,70,71,0,0,4,3,0,0,-0.076023831,8.478501215,7.235042785,6.776645252,8.550152387
472,2014,29,9,2,2,0,9,132,109,0,0,5,10,0,0,0.218249628,8.259964806,7.643306503,6.363229348,5.819263847
473,2014,30,1,7,1,1,7,125,126,0,0,11,9,0,0,-0.334344901,6.457122865,7.754532204,6.052602247,6.819620552
474,2014,30,10,5,10,1,5,145,146,0,0,16,4,0,100,0.150074903,8.389772871,7.118991997,7.753427251,7.853765358
475,2014,31,3,9,9,0,9,124,127,0,0,10,12,0,0,0.343911766,9.254810955,8.229822531,7.155470519,6.194420755
476,2014,29,6,2,6,1,6,152,152,11,11,5,11,0,0,0.35040333,7.008153818,7.375108488,8.727435635,5.862346132
477,2014,31,10,1,1,0,10,172,157,0,0,18,9,0,0,0.486267748,8.656449614,6.485361721,7.04142499,6.151115726
478,2014,28,5,2,5,1,5,148,114,0,0,6,4,0,0,0.101214806,7.097097898,7.171714154,7.654151493,6.836060823
479,2014,6,9,1,9,1,1,168,170,0,0,13,6,0,0,0.291337665,8.186490022,6.337962015,6.041842316,6.107729457
480,2014,8,7,6,6,0,6,152,156,0,0,4,4,0,0,-0.20907476,7.730470172,7.589838782,6.891811995,8.664418869
481,2014,5,10,3,3,0,3,155,158,0,0,10,5,0,0,-0.077495858,9.104438278,9.658282275,7.078132971,7.074000965
482,2014,21,6,2,2,0,6,170,160,0,0,7,10,0,0,0.26861411,6.672458892,6.432702111,7.913633081,6.169762466
483,2014,8,7,5,5,0,5,178,181,0,0,11,11,0,0,0.169460098,7.681132122,6.716851225,6.842230259,6.672655033
484,2014,6,1,3,3,0,1,187,168,0,0,25,10,0,0,-0.641069383,6.309211396,9.64864834,6.211442174,6.915739273
485,2014,8,7,2,7,1,2,160,161,0,0,8,12,0,0,0.593075828,8.2023936,5.33437794,6.661470386,5.884675026
486,2014,22,9,5,5,0,9,231,187,0,0,10,4,0,0,-0.256122362,7.468957369,7.273301457,5.705590635,7.332246686
487,2014,21,10,6,6,0,10,134,102,0,0,12,10,0,0,-0.042651716,8.451493366,7.444229975,7.191521461,8.515460925
488,2014,5,9,3,3,0,9,198,166,0,0,15,6,0,0,-0.522127041,8.492990725,10.0814534,6.108062932,7.526654142
489,2014,8,7,10,10,0,10,143,44,0,0,5,11,0,0,-0.326373117,8.017453095,8.373270871,5.788925594,7.158081989
490,2014,6,1,5,5,0,5,157,160,0,0,5,11,0,0,-0.397561445,6.181816657,8.108169505,6.094524476,6.626871549
491,2014,22,9,2,2,0,2,149,150,0,0,4,5,0,0,0.009845304,7.382659656,6.835161882,5.84762333,6.263264459
492,2014,5,3,6,3,1,6,190,191,0,0,7,7,0,0,0.203696167,9.624010809,6.645683546,6.921818835,8.269452145
493,2014,1,10,1,10,1,1,157,160,0,0,6,3,0,0,0.564745568,8.343459708,6.061639325,7.064955164,5.864390958
494,2014,28,6,5,6,1,5,148,149,0,0,12,8,0,0,-0.134832226,5.927320425,8.428750274,8.437116536,6.85892601
495,2014,5,3,7,7,0,3,186,170,0,0,9,10,0,0,0.138244646,8.619646622,8.913525379,6.615998018,5.802470984
496,2014,1,10,9,9,0,9,205,211,0,0,15,4,0,0,0.157434354,7.552812795,8.070824977,6.912306486,5.700078374
497,2014,22,1,2,2,0,2,141,142,0,0,7,5,0,0,-0.057548096,6.940076379,6.995553438,6.835432135,7.185258263
498,2014,21,6,7,7,0,6,201,139,0,0,15,9,0,0,0.18612014,6.462146265,8.621893408,8.592778343,5.432619015
499,2014,28,5,3,5,1,3,138,142,0,0,6,13,0,0,-0.50283672,7.822045609,9.362643139,5.971518925,7.34432446
500,2014,1,10,2,10,1,2,142,146,0,0,10,1,0,0,0.445147216,8.360806725,6.122444962,6.85453789,6.247132582
501,2014,21,1,6,1,1,1,178,153,0,0,6,8,0,0,-0.210458622,7.395268273,8.051406681,6.905254413,7.739489783
502,2014,8,7,9,9,0,9,164,165,0,0,5,15,0,0,0.076005175,7.371555977,8.044206298,6.308005098,5.455389096
503,2014,1,3,10,3,1,10,160,161,0,0,7,7,0,0,-0.066727654,9.368378142,9.190884201,7.084978926,7.613425868
504,2014,7,5,2,2,0,2,154,156,0,0,3,4,0,0,0.23782638,7.064443701,5.974038476,6.649009016,6.216993379
505,2014,9,9,1,1,0,1,156,159,0,0,8,10,0,0,0.014253348,8.780406952,6.655154237,5.346974975,6.974604046
506,2014,7,2,3,3,0,2,195,165,0,0,7,10,0,0,-0.622995161,5.80118433,8.815365452,6.092460154,7.040826109
507,2014,28,5,10,10,0,10,185,189,0,0,8,5,100,0,-0.073118222,7.943561603,9.010090028,7.561107267,7.101862393
508,2014,6,1,7,7,0,1,173,158,0,0,9,6,0,0,0.169661003,9.833325333,8.315282431,6.902573269,7.155021098
509,2014,9,9,6,6,0,9,179,163,0,0,14,7,0,0,-0.403829071,8.352411642,7.279586361,5.188997994,8.360273867
510,2014,5,3,5,5,0,5,154,160,0,0,6,5,0,0,0.111975981,9.257933585,6.861439075,5.025657589,6.266972095
511,2014,7,10,2,2,0,2,160,161,0,0,21,5,0,0,0.11595683,8.535803663,6.658864286,6.655488602,7.645390634
512,2014,9,7,9,9,0,9,115,119,0,0,7,15,0,0,0.213822683,7.599325558,6.254756174,6.171205774,6.191595536
513,2014,6,6,1,1,0,1,189,195,0,0,5,7,0,0,-0.836191095,5.316876477,8.997915751,5.499891169,6.647541771
514,2014,7,2,9,9,0,2,163,135,0,0,7,5,0,0,0.114420523,7.090741468,8.111500681,7.672267832,6.051825035
515,2014,6,1,5,5,0,5,173,176,0,0,2,9,0,0,-0.013796837,8.293426696,7.131710567,6.643090899,7.825787203
516,2014,6,9,5,5,0,9,226,202,0,0,11,16,0,0,-0.440818212,7.637348603,8.131046459,5.770903794,7.888563174
517,2014,5,9,2,2,0,2,199,200,0,0,8,6,0,0,-0.146722152,7.659712685,7.016119337,6.053006552,7.565963044
518,2015,7,1,2,2,0,2,168,170,0,0,3,4,0,0,0.012623973,7.382711369,6.948128536,7.047616475,7.393747007
519,2015,12,5,7,7,0,5,150,149,0,0,14,5,0,0,0.401353048,8.056939974,6.729930022,8.050819581,6.511794679
520,2015,2,6,9,9,0,6,162,136,0,0,21,9,0,0,-0.120389307,6.831890799,8.326337256,7.417362716,6.81718234
521,2015,12,5,10,5,1,5,209,164,0,0,15,11,0,0,0.059934134,7.032375777,8.777895942,7.845525056,5.965832614
522,2015,7,2,3,3,0,3,177,179,0,0,6,8,0,0,-0.194406042,7.715487571,9.445843583,7.138744293,6.835281416
523,2015,8,7,6,6,0,6,184,186,0,0,9,6,0,0,-0.236790986,6.684031341,7.254405394,6.326389236,7.345906983
524,2015,6,9,1,1,0,9,177,159,0,0,6,8,0,0,0.190858378,8.168476826,6.643532454,6.914991954,7.093144018
525,2015,5,3,10,10,0,10,166,172,0,0,16,16,0,0,0.256038048,9.018680689,7.092398829,6.67611631,6.840666814
526,2015,21,1,6,1,1,6,164,165,0,0,5,4,0,0,-0.137207602,7.536105864,7.216449914,6.341015358,7.52969472
527,2015,7,5,2,2,0,2,165,169,0,0,20,10,0,0,0.13317376,9.130829891,7.876689927,7.496092363,7.71219769
528,2015,2,9,7,9,1,7,165,169,0,0,8,11,0,0,0.205885095,8.07876641,7.405967105,6.817775619,6.252149048
529,2015,26,10,6,6,0,6,127,131,0,0,6,7,0,0,0.079624053,8.462604112,7.139554207,6.839882478,7.532783917
530,2015,6,1,5,1,1,5,183,189,0,0,7,11,0,0,-0.359801646,6.604795612,8.015687654,6.834802714,8.124243333
531,2015,26,7,10,7,1,7,167,163,0,0,9,4,0,0,-0.260993034,7.521167932,8.766678906,6.276812928,6.622590065
532,2015,2,9,2,2,0,2,155,159,0,0,13,2,0,0,-0.107511028,7.813762988,7.691379817,6.824924148,7.664733026
533,2015,21,5,6,5,1,6,156,157,0,0,6,1,0,0,0.212122529,8.070630304,6.980983055,8.063406029,7.48747851
534,2015,5,1,3,3,0,1,209,191,0,0,17,16,0,0,0.179871153,8.445886774,8.52467697,6.73400245,5.841724791
535,2015,8,7,2,2,0,2,146,147,0,0,13,7,0,0,-0.108587304,7.561086554,7.653874044,6.940911871,7.60572072
536,2015,21,6,9,9,0,9,191,191,15,6,10,5,0,0,-0.046762526,6.662193541,8.180401308,7.356999226,6.254650588
537,2015,26,10,2,2,0,10,176,101,0,0,4,3,0,0,-0.007401128,7.655154668,7.398832256,7.211991968,7.516064168
538,2015,5,5,3,3,0,5,181,154,0,0,10,6,0,0,0.610138682,8.117119796,8.950797138,8.053774123,4.715094641
539,2015,8,7,1,1,0,7,190,153,0,0,8,11,0,0,0.075586812,7.664610016,8.178470157,7.644645702,6.691547518
540,2015,21,6,3,3,0,3,130,134,0,0,4,5,0,0,0.298566196,7.386279142,7.295671346,7.39405736,5.746913892
541,2015,6,1,10,1,1,1,157,137,0,0,10,5,0,0,0.046031637,7.987177849,7.863592775,7.075342694,6.900729244
542,2015,12,5,9,5,1,5,192,95,0,0,12,8,0,0,0.297874731,8.09496791,8.748236647,8.18574866,5.923478452
543,2015,8,7,3,3,0,3,95,99,0,0,8,2,0,0,0.432974668,8.528778507,7.134819011,7.35250408,6.07736538
544,2015,9,10,9,9,0,10,150,130,0,0,1,7,0,0,0.306573734,7.405258343,8.321941679,8.072340646,5.536665506
545,2015,7,2,7,2,1,2,171,158,0,0,12,7,0,0,0.048080685,7.474625693,7.559303487,7.457431339,7.039969712
546,2015,5,3,6,6,0,14,200,0,0,0,16,0,0,0,-0.821073084,6.932727673,5.672524407,3.09307981,6.844654493
547,2015,12,5,2,2,0,5,134,132,0,0,12,5,0,0,0.114769593,8.201257924,7.945409845,8.196212729,7.564551569
548,2015,8,9,7,7,0,7,118,119,0,0,8,8,0,0,0.416346725,9.535337501,6.569854782,5.463694184,5.890362177
549,2015,6,1,6,6,0,1,187,179,0,0,9,12,0,0,-0.138862097,7.871346385,8.467832042,7.061731907,7.424023833
550,2015,5,2,3,3,0,3,111,115,0,0,8,4,0,0,0.110263289,7.541386264,8.515306405,7.504345839,6.05743582
551,2015,1,10,5,5,0,10,192,170,0,0,5,7,0,0,-0.22793275,7.514373632,8.935834482,6.904571905,7.047423995
552,2015,9,1,9,1,1,1,172,149,0,0,5,12,0,0,0.026495129,7.768410199,8.199579563,7.023223929,6.506259409
553,2015,6,6,7,7,0,6,189,175,0,0,8,15,0,0,0.066301279,7.704277073,7.757518827,7.360552167,6.87738856
554,2015,12,5,3,5,1,5,148,124,0,0,5,2,0,0,0.497129549,8.161020095,7.909278211,7.558867486,5.287391126
555,2015,7,2,10,10,0,2,167,132,0,0,7,4,0,0,0.246754125,7.702542165,7.147619008,7.561064723,6.461467222
556,2015,6,7,1,7,1,1,152,153,0,0,4,9,0,0,-0.042843099,7.805605541,7.010690255,6.808954187,7.910138369
557,2015,5,3,9,9,0,3,226,88,0,0,11,9,0,0,0.331103911,7.795746974,6.765603248,6.272866671,5.53025417
558,2015,6,10,6,6,0,10,201,194,0,0,15,7,0,0,-0.114162779,7.1582842,7.562149231,6.926949359,7.322775555
559,2015,12,5,1,5,1,1,158,159,0,0,6,2,0,0,0.119844879,9.122504952,7.834276285,7.473359794,7.809437006
560,2015,7,9,2,9,1,2,183,184,0,0,9,7,0,0,-0.378172291,6.988034824,7.645779027,5.77240458,7.384061164
561,2015,27,10,7,10,1,10,163,157,0,0,4,4,0,0,0.14923063,8.157189897,7.772589667,7.458849764,6.8473391
562,2015,6,3,1,3,1,3,235,196,0,0,7,4,0,0,-0.187969822,8.004762176,7.721778638,6.05179637,7.357464442
563,2015,12,5,6,5,1,5,157,145,0,0,8,6,0,0,0.327677966,9.096764593,6.843304005,7.524923691,7.353319355
564,2015,1,10,9,10,1,10,185,180,0,0,5,7,0,0,0.375014635,8.188362932,6.983573121,6.423051027,5.599715715
565,2015,27,5,7,5,1,7,119,120,0,0,7,0,0,0,0.440021381,9.022920235,6.650393387,7.557261981,6.835432967
566,2015,9,9,3,3,0,9,106,84,0,0,4,8,0,0,-0.37174661,6.665904174,8.449908289,5.77229538,6.103600507
567,2015,6,1,2,2,0,1,171,166,0,0,10,8,0,0,-0.010592138,6.986194548,7.366605578,7.713664476,7.397376836
568,2015,1,10,3,10,1,3,135,83,0,0,7,1,0,0,-0.466143064,5.566099613,7.909669752,5.762114859,6.139806276
569,2015,9,9,5,9,1,5,130,134,0,0,9,6,0,0,-0.380696513,7.832465137,8.783825091,5.591680146,6.580921809
570,2015,6,6,2,6,1,6,199,190,0,0,10,26,0,0,0.014948409,7.244074107,7.228313671,7.457390743,7.360141457
571,2015,5,7,3,3,0,14,187,2,0,0,6,0,0,0,0.014130091,6.768418983,5.465184841,4.891981757,5.98285753
572,2015,1,10,1,10,1,1,113,114,0,0,6,8,0,0,0.211036286,8.569266914,5.948503552,6.722458323,7.819340819
573,2015,6,1,5,1,1,1,187,162,0,0,9,8,0,0,-0.232681869,6.929467822,9.008765532,7.817219042,7.534126603
574,2015,2,3,6,3,1,3,180,109,0,0,12,3,0,0,-0.134686911,8.298243289,7.682454042,6.227523619,7.551119387
575,2015,28,3,5,5,0,5,139,140,0,0,7,7,0,0,-0.343317955,8.363506803,9.025743434,6.244629346,7.589092987
576,2015,7,1,5,5,0,1,202,161,0,0,6,7,0,0,-0.263353335,6.883369664,9.154888495,7.77252896,7.526932741
577,2016,6,1,11,1,1,11,121,126,0,0,13,5,0,0,-0.128396946,7.90790982,7.731749355,7.287772524,8.480115449
578,2016,7,7,2,2,0,2,98,99,0,0,12,11,0,0,0.097603538,8.545096027,5.964499511,5.212305328,6.880581714
579,2016,9,9,8,8,0,8,161,162,0,0,7,6,0,0,-0.095437213,6.964829976,8.215436246,7.315422615,6.777813813
580,2016,5,3,10,10,0,3,227,182,0,0,7,11,0,0,0.029191694,8.510613138,6.834237001,5.66862065,6.892201577
581,2016,7,2,1,1,0,1,187,188,0,0,10,10,0,0,0.295279765,8.691315524,7.062156083,6.707139002,6.446554426
582,2016,3,11,8,11,1,8,163,164,0,0,2,15,0,0,0.289452289,7.692456261,7.014899619,8.409718087,6.846293086
583,2016,8,9,7,7,0,7,111,113,0,0,4,10,0,0,0.211645189,7.964171926,6.440422676,5.794552628,6.019296442
584,2016,1,10,2,10,1,2,142,146,0,0,8,5,0,0,0.130423343,6.805472831,6.381267025,6.949195696,6.489452526
585,2016,6,1,8,8,0,8,143,147,0,0,10,11,100,0,0.066170358,9.028353148,7.801970673,6.310249624,6.931201231
586,2016,9,11,9,11,1,9,152,153,0,0,11,2,0,0,0.558843946,8.516353681,7.680774617,8.365869925,5.766167256
587,2016,5,3,7,7,0,7,191,192,0,0,9,14,0,0,0.256538746,8.355423642,7.342284173,6.782137323,6.239440644
588,2016,1,1,10,10,0,10,142,145,0,0,8,5,0,0,0.519600908,8.281476048,5.109960246,5.477256938,5.701366143
589,2016,9,9,2,2,0,2,138,141,0,0,7,8,0,0,-0.154665517,8.020148764,7.37189285,5.96722667,7.421038645
590,2016,6,3,1,1,0,1,170,171,0,0,13,3,0,0,-0.072885583,7.825294187,8.872965806,7.082886377,6.632462627
591,2016,3,8,10,10,0,10,135,137,0,0,5,10,0,100,0.863374042,8.626812404,4.093871848,6.967375334,5.945624732
592,2016,2,3,11,11,0,3,185,172,0,0,12,7,0,100,-0.404326643,7.381855102,8.169084668,6.137421058,7.96572493
593,2016,8,7,1,1,0,7,164,154,0,0,12,3,0,0,-0.477318766,6.586644008,8.898413436,6.106696993,6.722178109
594,2016,1,9,10,10,0,10,143,146,0,0,5,5,0,0,0.679878207,8.690936798,5.638835525,5.618172398,5.162249548
595,2016,3,3,8,3,1,8,180,182,0,0,3,14,0,0,-0.779000112,5.17926819,7.503675958,5.185333029,7.752279848
596,2016,2,11,2,2,0,2,160,162,0,0,6,10,0,0,-0.0405428,8.434091322,7.746323614,7.358815786,8.333125566
597,2016,9,1,9,9,0,1,189,164,0,0,5,5,0,0,0.480599003,8.825009269,6.72271788,6.772995023,5.990465711
598,2016,1,10,11,11,0,11,118,94,0,0,8,13,0,100,-0.466031128,5.934716761,7.297095192,5.792612862,7.477343837
599,2016,8,8,7,7,0,8,172,171,0,0,3,3,0,100,0.308636852,8.005367263,7.499892531,7.567894337,6.159627082
600,2016,6,2,1,1,0,1,174,178,0,0,1,5,0,0,-0.206062983,7.017081928,8.717536273,7.082725121,6.847578982
601,2016,2,11,8,8,0,8,195,196,0,0,7,7,0,0,-0.126215503,7.358690787,7.926737556,7.123048499,7.458531703
602,2016,8,7,2,2,0,7,186,159,0,0,10,13,0,0,-0.77247614,7.331117192,8.295993106,4.921151496,8.027004077
603,2016,1,10,3,3,0,10,194,179,0,0,5,3,0,0,-0.23175459,5.444255317,8.441394832,7.167902146,5.755565595
604,2016,3,9,8,8,0,9,154,131,0,0,4,4,0,0,-0.205030094,7.97050178,8.021958546,6.405419421,7.610230134
605,2016,2,11,1,1,0,1,159,161,0,0,8,6,0,0,0.182897657,7.553496515,7.701219213,7.00886397,5.893431897
606,2016,5,3,2,2,0,2,185,189,0,0,4,19,0,0,0.211711382,8.921906704,7.645341985,6.663133926,6.564469712
607,2016,3,8,7,7,0,7,149,150,0,0,6,3,0,0,0.394508139,8.052741368,6.497302081,6.827342508,5.981977287
608,2016,7,2,9,9,0,2,164,157,0,0,5,12,0,0,-0.062303323,6.326340639,7.880425069,6.6071036,5.596467549
609,2016,8,7,11,11,0,11,162,166,0,0,8,11,100,0,0.103713515,7.799164866,6.688781978,5.875625068,6.278972416
610,2016,1,8,10,10,0,10,126,129,0,0,5,6,0,100,0.537602106,8.835680222,5.394197062,7.84478941,7.211520444
611,2016,5,11,3,3,0,3,191,195,0,0,7,6,0,0,0.103484442,7.87431451,7.840574325,6.726280932,6.204414509
612,2016,9,9,7,7,0,9,181,172,0,0,8,9,0,0,0.201939579,7.897984646,7.467483089,6.418017708,5.784127752
613,2016,26,10,1,1,0,10,177,92,0,0,5,6,0,0,-0.435015438,5.159723448,8.336848823,6.899620492,6.672430239
614,2016,7,2,8,8,0,8,158,164,0,0,6,5,0,0,-0.109034744,7.759869559,7.899779887,7.238893147,7.900000456
615,2016,9,3,9,9,0,3,175,174,0,0,4,5,0,0,-0.124877291,7.935541267,8.203821196,6.209580496,6.63352509
616,2016,26,10,11,10,1,10,137,133,0,0,5,3,0,100,-0.120930366,6.361861619,7.625155366,7.123516334,6.700295023
617,2016,5,3,1,1,0,1,151,153,0,0,7,10,0,0,0.102574723,8.830790419,8.710254186,6.228944739,5.883560639
618,2016,1,10,7,7,0,7,146,150,0,0,11,3,0,0,-0.188057355,6.336662088,8.621819758,6.866894672,5.935951116
619,2016,26,1,9,1,1,9,124,127,0,0,8,11,0,0,0.003878145,8.591782037,7.644506555,5.820299987,6.522269042
620,2016,5,3,8,8,0,3,248,104,0,0,4,12,0,0,0.196605489,7.747922837,7.721802819,8.00828781,6.674457054
621,2016,7,11,2,11,1,2,103,66,0,0,6,10,0,0,-0.247510142,8.006477947,8.21140375,6.098132426,7.285014695
622,2016,9,9,10,9,1,10,179,180,0,0,3,9,0,0,0.18379902,7.444988058,5.076961527,6.515511026,7.730951445
623,2016,26,1,7,7,0,1,206,126,0,0,7,3,0,0,0.223033328,7.628500284,7.673849494,7.008783494,5.788271617
624,2016,7,2,3,3,0,3,183,186,0,0,12,3,0,0,0.155586502,8.190349365,7.185372417,7.03017357,6.954750301
625,2016,26,7,11,11,0,11,121,76,0,0,2,7,0,0,-0.125954289,7.666885975,7.711043081,5.888045985,6.477294713
626,2016,5,3,9,9,0,3,211,120,0,0,8,6,0,0,0.580084787,8.656938554,6.869060645,7.422729078,5.750231824
627,2016,10,2,8,8,0,8,124,125,0,0,7,17,0,0,-0.078332644,8.020991037,8.472257379,6.939631,7.020446574
628,2016,27,10,7,7,0,7,158,161,0,0,3,14,0,0,0.007101597,7.689229162,8.705044228,6.80465697,5.977421017
629,2016,26,9,11,9,1,11,172,173,0,0,4,8,0,0,-0.258123875,7.001651385,8.72849387,6.385933983,6.31514843
630,2016,10,1,8,8,0,8,172,173,0,0,8,6,0,0,-0.097091195,6.959179989,8.495267347,7.801336358,7.016299142
631,2016,7,2,10,10,0,2,171,149,0,0,4,11,0,0,0.014395395,8.726222678,7.27870612,6.880424976,8.137995953
632,2016,27,7,3,3,0,3,138,139,0,0,6,10,0,0,-0.255426176,8.363084888,7.154858234,4.990417253,7.097625976
633,2016,5,8,3,3,0,3,158,159,0,0,11,16,0,0,0.073263602,9.507265636,8.001677345,6.968934083,7.78355127
634,2016,8,10,2,2,0,10,162,140,0,0,6,9,0,0,-0.214369031,6.236394894,8.802109514,7.906256374,6.937495669
635,2016,8,8,10,10,0,10,162,163,0,0,5,2,0,100,0.112013574,8.575015173,6.827144984,7.09934561,7.986625132
636,2016,5,10,3,10,1,10,208,200,0,0,14,9,0,0,-0.348986847,6.228131644,9.15338319,7.913688138,7.711279415
